-- BLADE SHAPE
INSERT INTO stabby_web_bladeshape(blade_shape_id, name, is_active, create_date, edit_date)
VALUES
(1, 'Cleaver', true, CURRENT_TIMESTAMP, CURRENT_TIMESTAMP),
(2, 'Clip Point', true, CURRENT_TIMESTAMP, CURRENT_TIMESTAMP),
(3, 'Drop Point', true, CURRENT_TIMESTAMP, CURRENT_TIMESTAMP),
(4, 'Hawkbill', true, CURRENT_TIMESTAMP, CURRENT_TIMESTAMP),
(5, 'Leaf', true, CURRENT_TIMESTAMP, CURRENT_TIMESTAMP),
(6, 'Pen', true, CURRENT_TIMESTAMP, CURRENT_TIMESTAMP),
(7, 'Recurve', true, CURRENT_TIMESTAMP, CURRENT_TIMESTAMP),
(8, 'Reverse Tanto', true, CURRENT_TIMESTAMP, CURRENT_TIMESTAMP),
(9, 'Sheepsfoot', true, CURRENT_TIMESTAMP, CURRENT_TIMESTAMP),
(10, 'Spear Point', true, CURRENT_TIMESTAMP, CURRENT_TIMESTAMP),
(11, 'Tanto', true, CURRENT_TIMESTAMP, CURRENT_TIMESTAMP),
(12, 'Turkish Clip', true, CURRENT_TIMESTAMP, CURRENT_TIMESTAMP),
(13, 'Upswept', true, CURRENT_TIMESTAMP, CURRENT_TIMESTAMP),
(14, 'Wharncliff', true, CURRENT_TIMESTAMP, CURRENT_TIMESTAMP);

-- BONDING AGENT
INSERT INTO stabby_web_bondingagent(bonding_agent_id, name, is_friable, is_active, create_date, edit_date)
VALUES
(1, 'Ceramic (Friable)', true, true, CURRENT_TIMESTAMP, CURRENT_TIMESTAMP),
(2, 'Ceramic (Non-Friable)', false, true, CURRENT_TIMESTAMP, CURRENT_TIMESTAMP),
(3, 'Steel Plate', false, true, CURRENT_TIMESTAMP, CURRENT_TIMESTAMP);

-- COUNTRY
INSERT INTO stabby_web_country(country_id, name, code, is_active, create_date, edit_date)
VALUES
(1, 'Austria', 'AUT', true, CURRENT_TIMESTAMP, CURRENT_TIMESTAMP),
(2, 'China', 'CHN', true, CURRENT_TIMESTAMP, CURRENT_TIMESTAMP),
(3, 'Czech Republic', 'CZE', true, CURRENT_TIMESTAMP, CURRENT_TIMESTAMP),
(4, 'England', 'GBR', true, CURRENT_TIMESTAMP, CURRENT_TIMESTAMP),
(5, 'France', 'FRA', true, CURRENT_TIMESTAMP, CURRENT_TIMESTAMP),
(6, 'Germany', 'DEU', true, CURRENT_TIMESTAMP, CURRENT_TIMESTAMP),
(7, 'Hong Kong', 'HKG', true, CURRENT_TIMESTAMP, CURRENT_TIMESTAMP),
(8, 'Italy', 'ITA', true, CURRENT_TIMESTAMP, CURRENT_TIMESTAMP),
(9, 'Japan', 'JPN', true, CURRENT_TIMESTAMP, CURRENT_TIMESTAMP),
(10, 'New Zealand', 'NZL', true, CURRENT_TIMESTAMP, CURRENT_TIMESTAMP),
(11, 'Portugal', 'PRT', true, CURRENT_TIMESTAMP, CURRENT_TIMESTAMP),
(12, 'South Africa', 'ZAF', true, CURRENT_TIMESTAMP, CURRENT_TIMESTAMP),
(13, 'Sweden', 'SWE', true, CURRENT_TIMESTAMP, CURRENT_TIMESTAMP),
(14, 'Switzerland', 'CHE', true, CURRENT_TIMESTAMP, CURRENT_TIMESTAMP),
(15, 'Taiwan', 'TWN', true, CURRENT_TIMESTAMP, CURRENT_TIMESTAMP),
(16, 'U.S.A.', 'USA', true, CURRENT_TIMESTAMP, CURRENT_TIMESTAMP);

-- CUTTING AGENT
INSERT INTO stabby_web_cuttingagent(cutting_agent_id, name, is_active, create_date, edit_date)
VALUES
(1, 'Alumina Oxide', true, CURRENT_TIMESTAMP, CURRENT_TIMESTAMP),
(2, 'Diamond', true, CURRENT_TIMESTAMP, CURRENT_TIMESTAMP),
(3, 'Silicon Carbide', true, CURRENT_TIMESTAMP, CURRENT_TIMESTAMP);

-- DEPLOYMENT TYPE
INSERT INTO stabby_web_deploymenttype(deployment_type_id, name, is_active, create_date, edit_date)
VALUES
(1, 'Flipper', true, CURRENT_TIMESTAMP, CURRENT_TIMESTAMP),
(2, 'Nail Nick', true, CURRENT_TIMESTAMP, CURRENT_TIMESTAMP),
(3, 'Pinch', true, CURRENT_TIMESTAMP, CURRENT_TIMESTAMP),
(4, 'Slide', true, CURRENT_TIMESTAMP, CURRENT_TIMESTAMP),
(5, 'Thumb Hole', true, CURRENT_TIMESTAMP, CURRENT_TIMESTAMP),
(6, 'Thumb Stud', true, CURRENT_TIMESTAMP, CURRENT_TIMESTAMP);

-- HANDLE MATERIAL
INSERT INTO stabby_web_handlematerial(handle_material_id, name, is_active, create_date, edit_date)
VALUES
(1, 'Aluminum', true, CURRENT_TIMESTAMP, CURRENT_TIMESTAMP),
(2, 'Beech Wood', true, CURRENT_TIMESTAMP, CURRENT_TIMESTAMP),
(3, 'Brass', true, CURRENT_TIMESTAMP, CURRENT_TIMESTAMP),
(4, 'Bronze', true, CURRENT_TIMESTAMP, CURRENT_TIMESTAMP),
(5, 'Burlwood', true, CURRENT_TIMESTAMP, CURRENT_TIMESTAMP),
(6, 'Carbon Fiber', true, CURRENT_TIMESTAMP, CURRENT_TIMESTAMP),
(7, 'Cellidor', true, CURRENT_TIMESTAMP, CURRENT_TIMESTAMP),
(8, 'Cocobolo', true, CURRENT_TIMESTAMP, CURRENT_TIMESTAMP),
(9, 'Copper', true, CURRENT_TIMESTAMP, CURRENT_TIMESTAMP),
(10, 'Corelon', true, CURRENT_TIMESTAMP, CURRENT_TIMESTAMP),
(11, 'Delrin', true, CURRENT_TIMESTAMP, CURRENT_TIMESTAMP),
(12, 'Dymondwood', true, CURRENT_TIMESTAMP, CURRENT_TIMESTAMP),
(13, 'Ebony', true, CURRENT_TIMESTAMP, CURRENT_TIMESTAMP),
(14, 'Fat Carbon', true, CURRENT_TIMESTAMP, CURRENT_TIMESTAMP),
(15, 'FRN', true, CURRENT_TIMESTAMP, CURRENT_TIMESTAMP),
(16, 'G-10', true, CURRENT_TIMESTAMP, CURRENT_TIMESTAMP),
(17, 'GFN', true, CURRENT_TIMESTAMP, CURRENT_TIMESTAMP),
(18, 'Ironwood', true, CURRENT_TIMESTAMP, CURRENT_TIMESTAMP),
(19, 'Kirinite', true, CURRENT_TIMESTAMP, CURRENT_TIMESTAMP),
(20, 'Metal', true, CURRENT_TIMESTAMP, CURRENT_TIMESTAMP),
(21, 'Micarta', true, CURRENT_TIMESTAMP, CURRENT_TIMESTAMP),
(22, 'Mother of Pearl', true, CURRENT_TIMESTAMP, CURRENT_TIMESTAMP),
(23, 'Nylon', true, CURRENT_TIMESTAMP, CURRENT_TIMESTAMP),
(24, 'Oak', true, CURRENT_TIMESTAMP, CURRENT_TIMESTAMP),
(25, 'Olive Wood', true, CURRENT_TIMESTAMP, CURRENT_TIMESTAMP),
(26, 'Rosewood', true, CURRENT_TIMESTAMP, CURRENT_TIMESTAMP),
(27, 'Rubber', true, CURRENT_TIMESTAMP, CURRENT_TIMESTAMP),
(28, 'Shell (Metal)', true, CURRENT_TIMESTAMP, CURRENT_TIMESTAMP),
(29, 'Shell (Plastic over metal)', true, CURRENT_TIMESTAMP, CURRENT_TIMESTAMP),
(30, 'Stag', true, CURRENT_TIMESTAMP, CURRENT_TIMESTAMP),
(31, 'Steel', true, CURRENT_TIMESTAMP, CURRENT_TIMESTAMP),
(32, 'Stone', true, CURRENT_TIMESTAMP, CURRENT_TIMESTAMP),
(33, 'Synthetic', true, CURRENT_TIMESTAMP, CURRENT_TIMESTAMP),
(34, 'Titanium', true, CURRENT_TIMESTAMP, CURRENT_TIMESTAMP),
(35, 'Walnut', true, CURRENT_TIMESTAMP, CURRENT_TIMESTAMP),
(36, 'Wood', true, CURRENT_TIMESTAMP, CURRENT_TIMESTAMP),
(37, 'Zytel', true, CURRENT_TIMESTAMP, CURRENT_TIMESTAMP);

-- KNIFE TYPE
INSERT INTO stabby_web_knifetype(knife_type_id, name, is_active, create_date, edit_date)
VALUES
(1, 'Castration Knife', true, CURRENT_TIMESTAMP, CURRENT_TIMESTAMP),
(2, 'Congress', true, CURRENT_TIMESTAMP, CURRENT_TIMESTAMP),
(3, 'Copperhead', true, CURRENT_TIMESTAMP, CURRENT_TIMESTAMP),
(4, 'Copperlock', true, CURRENT_TIMESTAMP, CURRENT_TIMESTAMP),
(5, 'Doctor''s Knife', true, CURRENT_TIMESTAMP, CURRENT_TIMESTAMP),
(6, 'Elephant Toe', true, CURRENT_TIMESTAMP, CURRENT_TIMESTAMP),
(7, 'Gunstock', true, CURRENT_TIMESTAMP, CURRENT_TIMESTAMP),
(8, 'Jack', true, CURRENT_TIMESTAMP, CURRENT_TIMESTAMP),
(9, 'Laguiole', true, CURRENT_TIMESTAMP, CURRENT_TIMESTAMP),
(10, 'Large Stockman', true, CURRENT_TIMESTAMP, CURRENT_TIMESTAMP),
(11, 'MIL-K-818', true, CURRENT_TIMESTAMP, CURRENT_TIMESTAMP),
(12, 'Muskrat', true, CURRENT_TIMESTAMP, CURRENT_TIMESTAMP),
(13, 'Neck Knife', true, CURRENT_TIMESTAMP, CURRENT_TIMESTAMP),
(14, 'Peanut', true, CURRENT_TIMESTAMP, CURRENT_TIMESTAMP),
(15, 'Peasant Knife', true, CURRENT_TIMESTAMP, CURRENT_TIMESTAMP),
(16, 'Pen', true, CURRENT_TIMESTAMP, CURRENT_TIMESTAMP),
(17, 'Razor', true, CURRENT_TIMESTAMP, CURRENT_TIMESTAMP),
(18, 'Scout Knife', true, CURRENT_TIMESTAMP, CURRENT_TIMESTAMP),
(19, 'Sowbelly', true, CURRENT_TIMESTAMP, CURRENT_TIMESTAMP),
(20, 'Stockman', true, CURRENT_TIMESTAMP, CURRENT_TIMESTAMP),
(21, 'Swayback', true, CURRENT_TIMESTAMP, CURRENT_TIMESTAMP),
(22, 'Swiss Army Knife', true, CURRENT_TIMESTAMP, CURRENT_TIMESTAMP),
(23, 'Toothpick', true, CURRENT_TIMESTAMP, CURRENT_TIMESTAMP),
(24, 'Trapper', true, CURRENT_TIMESTAMP, CURRENT_TIMESTAMP),
(25, 'Whittler', true, CURRENT_TIMESTAMP, CURRENT_TIMESTAMP),
(26, 'Sodbuster', true, CURRENT_TIMESTAMP, CURRENT_TIMESTAMP),
(27, 'Sodbuster Jr.', true, CURRENT_TIMESTAMP, CURRENT_TIMESTAMP);

-- LOCK TYPE
INSERT INTO stabby_web_locktype(lock_type_id, name, is_active, create_date, edit_date)
VALUES
(1, 'Button Lock', true, CURRENT_TIMESTAMP, CURRENT_TIMESTAMP),
(2, 'Detent', true, CURRENT_TIMESTAMP, CURRENT_TIMESTAMP),
(3, 'Frame Lock', true, CURRENT_TIMESTAMP, CURRENT_TIMESTAMP),
(4, 'Friction', true, CURRENT_TIMESTAMP, CURRENT_TIMESTAMP),
(5, 'Liner Lock', true, CURRENT_TIMESTAMP, CURRENT_TIMESTAMP),
(6, 'Lockback', true, CURRENT_TIMESTAMP, CURRENT_TIMESTAMP),
(7, 'Locking Ring', true, CURRENT_TIMESTAMP, CURRENT_TIMESTAMP),
(8, 'Ratchet Lock', true, CURRENT_TIMESTAMP, CURRENT_TIMESTAMP),
(9, 'Slip Joint', true, CURRENT_TIMESTAMP, CURRENT_TIMESTAMP);

-- LUBRICANT
INSERT INTO stabby_web_lubricant(lubricant_id, name, is_active, create_date, edit_date)
VALUES
(1, 'None', true, CURRENT_TIMESTAMP, CURRENT_TIMESTAMP),
(2, 'Oil', true, CURRENT_TIMESTAMP, CURRENT_TIMESTAMP),
(3, 'Water', true, CURRENT_TIMESTAMP, CURRENT_TIMESTAMP);

-- STEEL TYPE
INSERT INTO stabby_web_steeltype(steel_type_id, name, is_active, create_date, edit_date)
VALUES
(1, 'Stainless', true, CURRENT_TIMESTAMP, CURRENT_TIMESTAMP),
(2, 'Carbon', true, CURRENT_TIMESTAMP, CURRENT_TIMESTAMP);

-- UOM
INSERT INTO stabby_web_unitofmeasure(uom_id, name, is_active, create_date, edit_date)
VALUES
(1, 'in', true, CURRENT_TIMESTAMP, CURRENT_TIMESTAMP),
(2, 'cm', true, CURRENT_TIMESTAMP, CURRENT_TIMESTAMP);

-- VENDOR
INSERT INTO stabby_web_vendor(vendor_id, name, is_active, create_date, edit_date)
VALUES
(1, 'Baryonyx Knife Company', true, CURRENT_TIMESTAMP, CURRENT_TIMESTAMP),
(2, 'BladeHQ', true, CURRENT_TIMESTAMP, CURRENT_TIMESTAMP),
(3, 'C. Risner Cutlery', true, CURRENT_TIMESTAMP, CURRENT_TIMESTAMP),
(4, 'Chicago Knife Works', true, CURRENT_TIMESTAMP, CURRENT_TIMESTAMP),
(5, 'Collector Knives', true, CURRENT_TIMESTAMP, CURRENT_TIMESTAMP),
(6, 'Deadwood Knives', true, CURRENT_TIMESTAMP, CURRENT_TIMESTAMP),
(7, 'Direct From Manufacturer', true, CURRENT_TIMESTAMP, CURRENT_TIMESTAMP),
(8, 'DLT', true, CURRENT_TIMESTAMP, CURRENT_TIMESTAMP),
(9, 'Ebay', true, CURRENT_TIMESTAMP, CURRENT_TIMESTAMP),
(10, 'Knifecenter', true, CURRENT_TIMESTAMP, CURRENT_TIMESTAMP),
(11, 'Knives Plus', true, CURRENT_TIMESTAMP, CURRENT_TIMESTAMP),
(12, 'Red Hill Cutlery', true, CURRENT_TIMESTAMP, CURRENT_TIMESTAMP),
(13, 'Shadow Hills Cutlery', true, CURRENT_TIMESTAMP, CURRENT_TIMESTAMP),
(14, 'Smokey Mountain Knife Works', true, CURRENT_TIMESTAMP, CURRENT_TIMESTAMP),
(15, 'Swiss Army Flagship - London', true, CURRENT_TIMESTAMP, CURRENT_TIMESTAMP),
(16, 'Swiss Knife Shop', true, CURRENT_TIMESTAMP, CURRENT_TIMESTAMP);

-- BRAND
INSERT INTO stabby_web_brand(brand_id, name, parent_brand_id, is_active, create_date, edit_date)
VALUES
(1, 'Antonini Knives', NULL, true, CURRENT_TIMESTAMP, CURRENT_TIMESTAMP),
(2, 'Camillus (U.S.A.)', NULL, true, CURRENT_TIMESTAMP, CURRENT_TIMESTAMP),
(3, 'Imperial (U.S.A.)', NULL, true, CURRENT_TIMESTAMP, CURRENT_TIMESTAMP),
(4, 'M.C. Cognet', NULL, true, CURRENT_TIMESTAMP, CURRENT_TIMESTAMP),
(5, 'Otter', NULL, true, CURRENT_TIMESTAMP, CURRENT_TIMESTAMP),
(6, 'Richartz', NULL, true, CURRENT_TIMESTAMP, CURRENT_TIMESTAMP),
(7, 'Smokey Mountain Knife Works', NULL, true, CURRENT_TIMESTAMP, CURRENT_TIMESTAMP),
(8, 'Schrade', NULL, true, CURRENT_TIMESTAMP, CURRENT_TIMESTAMP),
(9, 'United Cutlery', NULL, true, CURRENT_TIMESTAMP, CURRENT_TIMESTAMP),
(10, 'Utica', NULL, true, CURRENT_TIMESTAMP, CURRENT_TIMESTAMP),
(11, 'Zippo', NULL, true, CURRENT_TIMESTAMP, CURRENT_TIMESTAMP),
(12, 'A.G. Russell', NULL, true, CURRENT_TIMESTAMP, CURRENT_TIMESTAMP),
(13, 'Advanced Knife Bro', NULL, true, CURRENT_TIMESTAMP, CURRENT_TIMESTAMP),
(14, 'Baryonyx Knife Co.', NULL, true, CURRENT_TIMESTAMP, CURRENT_TIMESTAMP),
(15, 'Beretta', NULL, true, CURRENT_TIMESTAMP, CURRENT_TIMESTAMP),
(16, 'Buck', NULL, true, CURRENT_TIMESTAMP, CURRENT_TIMESTAMP),
(17, 'Case', 11, true, CURRENT_TIMESTAMP, CURRENT_TIMESTAMP),
(18, 'Cold Steel', NULL, true, CURRENT_TIMESTAMP, CURRENT_TIMESTAMP),
(19, 'Colonial', NULL, true, CURRENT_TIMESTAMP, CURRENT_TIMESTAMP),
(20, 'Columbia River Knife & Tool', NULL, true, CURRENT_TIMESTAMP, CURRENT_TIMESTAMP),
(21, 'DMT', NULL, true, CURRENT_TIMESTAMP, CURRENT_TIMESTAMP),
(22, 'Douk Douk', 4, true, CURRENT_TIMESTAMP, CURRENT_TIMESTAMP),
(23, 'Eurstache', NULL, true, CURRENT_TIMESTAMP, CURRENT_TIMESTAMP),
(24, 'Fox', NULL, true, CURRENT_TIMESTAMP, CURRENT_TIMESTAMP),
(25, 'Frost', NULL, true, CURRENT_TIMESTAMP, CURRENT_TIMESTAMP),
(26, 'G. David', NULL, true, CURRENT_TIMESTAMP, CURRENT_TIMESTAMP),
(27, 'Great Eastern Cutlery', NULL, true, CURRENT_TIMESTAMP, CURRENT_TIMESTAMP),
(28, 'Hammer Brand', 3, true, CURRENT_TIMESTAMP, CURRENT_TIMESTAMP),
(29, 'Hibben Knives', 9, true, CURRENT_TIMESTAMP, CURRENT_TIMESTAMP),
(30, 'Higonokami', NULL, true, CURRENT_TIMESTAMP, CURRENT_TIMESTAMP),
(31, 'Imperial', 8, true, CURRENT_TIMESTAMP, CURRENT_TIMESTAMP),
(32, 'IXL', NULL, true, CURRENT_TIMESTAMP, CURRENT_TIMESTAMP),
(33, 'KA-BAR', NULL, true, CURRENT_TIMESTAMP, CURRENT_TIMESTAMP),
(34, 'Kershaw', NULL, true, CURRENT_TIMESTAMP, CURRENT_TIMESTAMP),
(35, 'Kingston', 3, true, CURRENT_TIMESTAMP, CURRENT_TIMESTAMP),
(36, 'Knives Plus', NULL, true, CURRENT_TIMESTAMP, CURRENT_TIMESTAMP),
(37, 'Kutmaster', 10, true, CURRENT_TIMESTAMP, CURRENT_TIMESTAMP),
(38, 'lionSTEEL', NULL, true, CURRENT_TIMESTAMP, CURRENT_TIMESTAMP),
(39, 'MAM', NULL, true, CURRENT_TIMESTAMP, CURRENT_TIMESTAMP),
(40, 'Marble''s', NULL, true, CURRENT_TIMESTAMP, CURRENT_TIMESTAMP),
(41, 'Mercator', 5, true, CURRENT_TIMESTAMP, CURRENT_TIMESTAMP),
(42, 'Mikov', NULL, true, CURRENT_TIMESTAMP, CURRENT_TIMESTAMP),
(43, 'Novelty Cutlery', NULL, true, CURRENT_TIMESTAMP, CURRENT_TIMESTAMP),
(44, 'Okapi', NULL, true, CURRENT_TIMESTAMP, CURRENT_TIMESTAMP),
(45, 'Old Bear', NULL, true, CURRENT_TIMESTAMP, CURRENT_TIMESTAMP),
(46, 'Old Timer', 8, true, CURRENT_TIMESTAMP, CURRENT_TIMESTAMP),
(47, 'Ontario Knife Company', NULL, true, CURRENT_TIMESTAMP, CURRENT_TIMESTAMP),
(48, 'Opinel', NULL, true, CURRENT_TIMESTAMP, CURRENT_TIMESTAMP),
(49, 'Parker Cut Co.', NULL, true, CURRENT_TIMESTAMP, CURRENT_TIMESTAMP),
(50, 'Pierre Cardin', 5, true, CURRENT_TIMESTAMP, CURRENT_TIMESTAMP),
(51, 'Queen', 7, true, CURRENT_TIMESTAMP, CURRENT_TIMESTAMP),
(52, 'Queen (U.S.A.)', NULL, true, CURRENT_TIMESTAMP, CURRENT_TIMESTAMP),
(53, 'Queen City', 7, true, CURRENT_TIMESTAMP, CURRENT_TIMESTAMP),
(54, 'Richards', NULL, true, CURRENT_TIMESTAMP, CURRENT_TIMESTAMP),
(55, 'Rosecraft', NULL, true, CURRENT_TIMESTAMP, CURRENT_TIMESTAMP),
(56, 'Rough Ryder', 7, true, CURRENT_TIMESTAMP, CURRENT_TIMESTAMP),
(57, 'Schrade (U.S.A.)', 2, true, CURRENT_TIMESTAMP, CURRENT_TIMESTAMP),
(58, 'Sharpening Supplies', NULL, true, CURRENT_TIMESTAMP, CURRENT_TIMESTAMP),
(59, 'SOG', NULL, true, CURRENT_TIMESTAMP, CURRENT_TIMESTAMP),
(60, 'Spyderco', NULL, true, CURRENT_TIMESTAMP, CURRENT_TIMESTAMP),
(61, 'Stephenson', NULL, true, CURRENT_TIMESTAMP, CURRENT_TIMESTAMP),
(62, 'Svord', NULL, true, CURRENT_TIMESTAMP, CURRENT_TIMESTAMP),
(63, 'Swiza', NULL, true, CURRENT_TIMESTAMP, CURRENT_TIMESTAMP),
(64, 'Syracuse Knife Company', NULL, true, CURRENT_TIMESTAMP, CURRENT_TIMESTAMP),
(65, 'Ulster', 3, true, CURRENT_TIMESTAMP, CURRENT_TIMESTAMP),
(66, 'Ultratech', NULL, true, CURRENT_TIMESTAMP, CURRENT_TIMESTAMP),
(67, 'Uncle Henry', 8, true, CURRENT_TIMESTAMP, CURRENT_TIMESTAMP),
(68, 'Unknown', NULL, true, CURRENT_TIMESTAMP, CURRENT_TIMESTAMP),
(69, 'Victorinox', NULL, true, CURRENT_TIMESTAMP, CURRENT_TIMESTAMP),
(70, 'Viper', NULL, true, CURRENT_TIMESTAMP, CURRENT_TIMESTAMP),
(71, 'Watchmen Brother', NULL, true, CURRENT_TIMESTAMP, CURRENT_TIMESTAMP),
(72, 'Wenger', NULL, true, CURRENT_TIMESTAMP, CURRENT_TIMESTAMP),
(73, 'Western (U.S.A)', 2, true, CURRENT_TIMESTAMP, CURRENT_TIMESTAMP);

-- STEEL MANUFACTURER
INSERT INTO stabby_web_steelmanufacturer(steel_manufacturer_id, name, country_id, is_active, create_date, edit_date) 
VALUES
(1, 'Bohler', 1, true, CURRENT_TIMESTAMP, CURRENT_TIMESTAMP),
(2, 'Carpenter', 16, true, CURRENT_TIMESTAMP, CURRENT_TIMESTAMP),
(3, 'Crucible', 16, true, CURRENT_TIMESTAMP, CURRENT_TIMESTAMP),
(4, 'Hitachi', 9, true, CURRENT_TIMESTAMP, CURRENT_TIMESTAMP),
(5, 'Sandvik', 13, true, CURRENT_TIMESTAMP, CURRENT_TIMESTAMP),
(6, 'Uddeholm', 13, true, CURRENT_TIMESTAMP, CURRENT_TIMESTAMP);

INSERT INTO stabby_web_bladematerial(blade_material_id, steel_type_id, steel_manufacturer_id, name, is_active, create_date, edit_date) 
VALUES
    (1, 2, null, '1065', true, CURRENT_TIMESTAMP, CURRENT_TIMESTAMP),
    (2, 2, null, '1075', true, CURRENT_TIMESTAMP, CURRENT_TIMESTAMP),
    (3, 2, null, '1085', true, CURRENT_TIMESTAMP, CURRENT_TIMESTAMP),
    (4, 2, null, '1095', true, CURRENT_TIMESTAMP, CURRENT_TIMESTAMP),
    (5, 2, null, '1095 Cro Van', true, CURRENT_TIMESTAMP, CURRENT_TIMESTAMP),
    (6, 1, 5, '12C27', true, CURRENT_TIMESTAMP, CURRENT_TIMESTAMP),
    (7, 1, 5, '14C28N', true, CURRENT_TIMESTAMP, CURRENT_TIMESTAMP),
    (8, 1, 3, '154CM', true, CURRENT_TIMESTAMP, CURRENT_TIMESTAMP),
    (9, 1, null, '3Cr13MoV', true, CURRENT_TIMESTAMP, CURRENT_TIMESTAMP),
    (10, 1, null, '420', true, CURRENT_TIMESTAMP, CURRENT_TIMESTAMP),
    (11, 1, null, '420HC', true, CURRENT_TIMESTAMP, CURRENT_TIMESTAMP),
    (12, 1, null, '425M', true, CURRENT_TIMESTAMP, CURRENT_TIMESTAMP),
    (13, 1, null, '440A', true, CURRENT_TIMESTAMP, CURRENT_TIMESTAMP),
    (14, 1, null, '440B', true, CURRENT_TIMESTAMP, CURRENT_TIMESTAMP),
    (15, 1, null, '440C', true, CURRENT_TIMESTAMP, CURRENT_TIMESTAMP),
    (16, 1, null, '5Cr15MoV', true, CURRENT_TIMESTAMP, CURRENT_TIMESTAMP),
    (17, 1, null, '7Cr17MoV', true, CURRENT_TIMESTAMP, CURRENT_TIMESTAMP),
    (18, 1, null, '8Cr13MoV', true, CURRENT_TIMESTAMP, CURRENT_TIMESTAMP),
    (19, 1, null, '9Cr18MoV', true, CURRENT_TIMESTAMP, CURRENT_TIMESTAMP),
    (20, 1, 6, 'AEB-L', true, CURRENT_TIMESTAMP, CURRENT_TIMESTAMP),
    (21, 1, null, 'AUS-10', true, CURRENT_TIMESTAMP, CURRENT_TIMESTAMP),
    (22, 1, null, 'AUS-6', true, CURRENT_TIMESTAMP, CURRENT_TIMESTAMP),
    (23, 1, null, 'AUS-8', true, CURRENT_TIMESTAMP, CURRENT_TIMESTAMP),
    (24, 2, 4, 'Blue Paper Steel (Blue Super)', true, CURRENT_TIMESTAMP, CURRENT_TIMESTAMP),
    (25, 2, null, 'C67', true, CURRENT_TIMESTAMP, CURRENT_TIMESTAMP),
    (26, 2, null, 'Case Chrome Vanadium', true, CURRENT_TIMESTAMP, CURRENT_TIMESTAMP),
    (27, 1, null, 'Case Tru Sharp Surgical Steel', true, CURRENT_TIMESTAMP, CURRENT_TIMESTAMP),
    (28, null, null, 'Ceramic', true, CURRENT_TIMESTAMP, CURRENT_TIMESTAMP),
    (29, 1, 3, 'CPM MagnaCut', true, CURRENT_TIMESTAMP, CURRENT_TIMESTAMP),
    (30, 2, 3, 'CPM-3V', true, CURRENT_TIMESTAMP, CURRENT_TIMESTAMP),
    (31, 2, 3, 'CPM-M4', true, CURRENT_TIMESTAMP, CURRENT_TIMESTAMP),
    (32, 1, 3, 'CPM-S30V', true, CURRENT_TIMESTAMP, CURRENT_TIMESTAMP),
    (33, 1, 3, 'CPM-S35VN', true, CURRENT_TIMESTAMP, CURRENT_TIMESTAMP),
    (34, 2, 3, 'CruWear', true, CURRENT_TIMESTAMP, CURRENT_TIMESTAMP),
    (35, 1, 2, 'CTS-BD1N', true, CURRENT_TIMESTAMP, CURRENT_TIMESTAMP),
    (36, 1, 2, 'CTS-XHP', true, CURRENT_TIMESTAMP, CURRENT_TIMESTAMP),
    (37, 2, null, 'D2', true, CURRENT_TIMESTAMP, CURRENT_TIMESTAMP),
    (38, 1, 6, 'Elmax', true, CURRENT_TIMESTAMP, CURRENT_TIMESTAMP),
    (39, 2, 1, 'K390', true, CURRENT_TIMESTAMP, CURRENT_TIMESTAMP),
    (40, 1, 1, 'M390', true, CURRENT_TIMESTAMP, CURRENT_TIMESTAMP),
    (41, 2, 2, 'Maxamet', true, CURRENT_TIMESTAMP, CURRENT_TIMESTAMP),
    (42, 1, 1, 'N690', true, CURRENT_TIMESTAMP, CURRENT_TIMESTAMP),
    (43, 2, null, 'T10', true, CURRENT_TIMESTAMP, CURRENT_TIMESTAMP),
    (44, 2, null, 'Unknown Carbon Steel', true, CURRENT_TIMESTAMP, CURRENT_TIMESTAMP),
    (45, 1, null, 'Unknown Stainless Steel', true, CURRENT_TIMESTAMP, CURRENT_TIMESTAMP),
    (46, 1, null, 'VG-10', true, CURRENT_TIMESTAMP, CURRENT_TIMESTAMP),
    (47, 2, 4, 'White Paper Steel (White #1)', true, CURRENT_TIMESTAMP, CURRENT_TIMESTAMP),
    (48, 2, null, 'XC75', true, CURRENT_TIMESTAMP, CURRENT_TIMESTAMP),
    (49, 2, null, 'XC90', true, CURRENT_TIMESTAMP, CURRENT_TIMESTAMP);



