-- BLADE SHAPE
INSERT INTO stabby_web_bladeshape(blade_shape_id, name, is_active, create_date, edit_date) VALUES(1, 'Cleaver', 1, CURRENT_TIMESTAMP, CURRENT_TIMESTAMP);
INSERT INTO stabby_web_bladeshape(blade_shape_id, name, is_active, create_date, edit_date) VALUES(2, 'Clip Point', 1, CURRENT_TIMESTAMP, CURRENT_TIMESTAMP);
INSERT INTO stabby_web_bladeshape(blade_shape_id, name, is_active, create_date, edit_date) VALUES(3, 'Drop Point', 1, CURRENT_TIMESTAMP, CURRENT_TIMESTAMP);
INSERT INTO stabby_web_bladeshape(blade_shape_id, name, is_active, create_date, edit_date) VALUES(4, 'Hawkbill', 1, CURRENT_TIMESTAMP, CURRENT_TIMESTAMP);
INSERT INTO stabby_web_bladeshape(blade_shape_id, name, is_active, create_date, edit_date) VALUES(5, 'Leaf', 1, CURRENT_TIMESTAMP, CURRENT_TIMESTAMP);
INSERT INTO stabby_web_bladeshape(blade_shape_id, name, is_active, create_date, edit_date) VALUES(6, 'Pen', 1, CURRENT_TIMESTAMP, CURRENT_TIMESTAMP);
INSERT INTO stabby_web_bladeshape(blade_shape_id, name, is_active, create_date, edit_date) VALUES(7, 'Recurve', 1, CURRENT_TIMESTAMP, CURRENT_TIMESTAMP);
INSERT INTO stabby_web_bladeshape(blade_shape_id, name, is_active, create_date, edit_date) VALUES(8, 'Reverse Tanto', 1, CURRENT_TIMESTAMP, CURRENT_TIMESTAMP);
INSERT INTO stabby_web_bladeshape(blade_shape_id, name, is_active, create_date, edit_date) VALUES(9, 'Sheepsfoot', 1, CURRENT_TIMESTAMP, CURRENT_TIMESTAMP);
INSERT INTO stabby_web_bladeshape(blade_shape_id, name, is_active, create_date, edit_date) VALUES(10, 'Spear Point', 1, CURRENT_TIMESTAMP, CURRENT_TIMESTAMP);
INSERT INTO stabby_web_bladeshape(blade_shape_id, name, is_active, create_date, edit_date) VALUES(11, 'Tanto', 1, CURRENT_TIMESTAMP, CURRENT_TIMESTAMP);
INSERT INTO stabby_web_bladeshape(blade_shape_id, name, is_active, create_date, edit_date) VALUES(12, 'Turkish Clip', 1, CURRENT_TIMESTAMP, CURRENT_TIMESTAMP);
INSERT INTO stabby_web_bladeshape(blade_shape_id, name, is_active, create_date, edit_date) VALUES(13, 'Upswept', 1, CURRENT_TIMESTAMP, CURRENT_TIMESTAMP);
INSERT INTO stabby_web_bladeshape(blade_shape_id, name, is_active, create_date, edit_date) VALUES(14, 'Wharncliff', 1, CURRENT_TIMESTAMP, CURRENT_TIMESTAMP);

-- BONDING AGENT
INSERT INTO stabby_web_bondingagent(bonding_agent_id, name, is_friable, is_active, create_date, edit_date) VALUES(1, 'Ceramic (Friable)', 1, 1, CURRENT_TIMESTAMP, CURRENT_TIMESTAMP);
INSERT INTO stabby_web_bondingagent(bonding_agent_id, name, is_friable, is_active, create_date, edit_date) VALUES(2, 'Ceramic (Non-Friable)', 0, 1, CURRENT_TIMESTAMP, CURRENT_TIMESTAMP);
INSERT INTO stabby_web_bondingagent(bonding_agent_id, name, is_friable, is_active, create_date, edit_date) VALUES(3, 'Steel Plate', 0, 1, CURRENT_TIMESTAMP, CURRENT_TIMESTAMP);

-- COUNTRY
INSERT INTO stabby_web_country(country_id, name, code, is_active, create_date, edit_date) VALUES(1, 'Austria', 'AUT', 1, CURRENT_TIMESTAMP, CURRENT_TIMESTAMP);
INSERT INTO stabby_web_country(country_id, name, code, is_active, create_date, edit_date) VALUES(2, 'China', 'CHN', 1, CURRENT_TIMESTAMP, CURRENT_TIMESTAMP);
INSERT INTO stabby_web_country(country_id, name, code, is_active, create_date, edit_date) VALUES(3, 'Czech Republic', 'CZE', 1, CURRENT_TIMESTAMP, CURRENT_TIMESTAMP);
INSERT INTO stabby_web_country(country_id, name, code, is_active, create_date, edit_date) VALUES(4, 'England', 'GBR', 1, CURRENT_TIMESTAMP, CURRENT_TIMESTAMP);
INSERT INTO stabby_web_country(country_id, name, code, is_active, create_date, edit_date) VALUES(5, 'France', 'FRA', 1, CURRENT_TIMESTAMP, CURRENT_TIMESTAMP);
INSERT INTO stabby_web_country(country_id, name, code, is_active, create_date, edit_date) VALUES(6, 'Germany', 'DEU', 1, CURRENT_TIMESTAMP, CURRENT_TIMESTAMP);
INSERT INTO stabby_web_country(country_id, name, code, is_active, create_date, edit_date) VALUES(7, 'Hong Kong', 'HKG', 1, CURRENT_TIMESTAMP, CURRENT_TIMESTAMP);
INSERT INTO stabby_web_country(country_id, name, code, is_active, create_date, edit_date) VALUES(8, 'Italy', 'ITA', 1, CURRENT_TIMESTAMP, CURRENT_TIMESTAMP);
INSERT INTO stabby_web_country(country_id, name, code, is_active, create_date, edit_date) VALUES(9, 'Japan', 'JPN', 1, CURRENT_TIMESTAMP, CURRENT_TIMESTAMP);
INSERT INTO stabby_web_country(country_id, name, code, is_active, create_date, edit_date) VALUES(10, 'New Zealand', 'NZL', 1, CURRENT_TIMESTAMP, CURRENT_TIMESTAMP);
INSERT INTO stabby_web_country(country_id, name, code, is_active, create_date, edit_date) VALUES(11, 'Portugal', 'PRT', 1, CURRENT_TIMESTAMP, CURRENT_TIMESTAMP);
INSERT INTO stabby_web_country(country_id, name, code, is_active, create_date, edit_date) VALUES(12, 'South Africa', 'ZAF', 1, CURRENT_TIMESTAMP, CURRENT_TIMESTAMP);
INSERT INTO stabby_web_country(country_id, name, code, is_active, create_date, edit_date) VALUES(13, 'Sweden', 'SWE', 1, CURRENT_TIMESTAMP, CURRENT_TIMESTAMP);
INSERT INTO stabby_web_country(country_id, name, code, is_active, create_date, edit_date) VALUES(14, 'Switzerland', 'CHE', 1, CURRENT_TIMESTAMP, CURRENT_TIMESTAMP);
INSERT INTO stabby_web_country(country_id, name, code, is_active, create_date, edit_date) VALUES(15, 'Taiwan', 'TWN', 1, CURRENT_TIMESTAMP, CURRENT_TIMESTAMP);
INSERT INTO stabby_web_country(country_id, name, code, is_active, create_date, edit_date) VALUES(16, 'U.S.A.', 'USA', 1, CURRENT_TIMESTAMP, CURRENT_TIMESTAMP);

-- CUTTING AGENT
INSERT INTO stabby_web_cuttingagent(cutting_agent_id, name, is_active, create_date, edit_date) VALUES(1, 'Alumina Oxide', 1, CURRENT_TIMESTAMP, CURRENT_TIMESTAMP);
INSERT INTO stabby_web_cuttingagent(cutting_agent_id, name, is_active, create_date, edit_date) VALUES(2, 'Diamond', 1, CURRENT_TIMESTAMP, CURRENT_TIMESTAMP);
INSERT INTO stabby_web_cuttingagent(cutting_agent_id, name, is_active, create_date, edit_date) VALUES(3, 'Silicon Carbide', 1, CURRENT_TIMESTAMP, CURRENT_TIMESTAMP);

-- DEPLOYMENT TYPE
INSERT INTO stabby_web_deploymenttype(deployment_type_id, name, is_active, create_date, edit_date) VALUES(1, 'Flipper', 1, CURRENT_TIMESTAMP, CURRENT_TIMESTAMP);
INSERT INTO stabby_web_deploymenttype(deployment_type_id, name, is_active, create_date, edit_date) VALUES(2, 'Nail Nick', 1, CURRENT_TIMESTAMP, CURRENT_TIMESTAMP);
INSERT INTO stabby_web_deploymenttype(deployment_type_id, name, is_active, create_date, edit_date) VALUES(3, 'Pinch', 1, CURRENT_TIMESTAMP, CURRENT_TIMESTAMP);
INSERT INTO stabby_web_deploymenttype(deployment_type_id, name, is_active, create_date, edit_date) VALUES(4, 'Slide', 1, CURRENT_TIMESTAMP, CURRENT_TIMESTAMP);
INSERT INTO stabby_web_deploymenttype(deployment_type_id, name, is_active, create_date, edit_date) VALUES(5, 'Thumb Hole', 1, CURRENT_TIMESTAMP, CURRENT_TIMESTAMP);
INSERT INTO stabby_web_deploymenttype(deployment_type_id, name, is_active, create_date, edit_date) VALUES(6, 'Thumb Stud', 1, CURRENT_TIMESTAMP, CURRENT_TIMESTAMP);

-- HANDLE MATERIAL
INSERT INTO stabby_web_handlematerial(handle_material_id, name, is_active, create_date, edit_date) VALUES(1, 'Aluminum', 1, CURRENT_TIMESTAMP, CURRENT_TIMESTAMP);
INSERT INTO stabby_web_handlematerial(handle_material_id, name, is_active, create_date, edit_date) VALUES(2,' Beech Wood', 1, CURRENT_TIMESTAMP, CURRENT_TIMESTAMP);
INSERT INTO stabby_web_handlematerial(handle_material_id, name, is_active, create_date, edit_date) VALUES(3, 'Brass', 1, CURRENT_TIMESTAMP, CURRENT_TIMESTAMP);
INSERT INTO stabby_web_handlematerial(handle_material_id, name, is_active, create_date, edit_date) VALUES(4, 'Bronze', 1, CURRENT_TIMESTAMP, CURRENT_TIMESTAMP);
INSERT INTO stabby_web_handlematerial(handle_material_id, name, is_active, create_date, edit_date) VALUES(5, 'Burlwood', 1, CURRENT_TIMESTAMP, CURRENT_TIMESTAMP);
INSERT INTO stabby_web_handlematerial(handle_material_id, name, is_active, create_date, edit_date) VALUES(6, 'Carbon Fiber', 1, CURRENT_TIMESTAMP, CURRENT_TIMESTAMP);
INSERT INTO stabby_web_handlematerial(handle_material_id, name, is_active, create_date, edit_date) VALUES(7, 'Cellidor', 1, CURRENT_TIMESTAMP, CURRENT_TIMESTAMP);
INSERT INTO stabby_web_handlematerial(handle_material_id, name, is_active, create_date, edit_date) VALUES(8, 'Cocobolo', 1, CURRENT_TIMESTAMP, CURRENT_TIMESTAMP);
INSERT INTO stabby_web_handlematerial(handle_material_id, name, is_active, create_date, edit_date) VALUES(9, 'Copper', 1, CURRENT_TIMESTAMP, CURRENT_TIMESTAMP);
INSERT INTO stabby_web_handlematerial(handle_material_id, name, is_active, create_date, edit_date) VALUES(10, 'Corelon', 1, CURRENT_TIMESTAMP, CURRENT_TIMESTAMP);
INSERT INTO stabby_web_handlematerial(handle_material_id, name, is_active, create_date, edit_date) VALUES(11, 'Delrin', 1, CURRENT_TIMESTAMP, CURRENT_TIMESTAMP);
INSERT INTO stabby_web_handlematerial(handle_material_id, name, is_active, create_date, edit_date) VALUES(12, 'Dymondwood', 1, CURRENT_TIMESTAMP, CURRENT_TIMESTAMP);
INSERT INTO stabby_web_handlematerial(handle_material_id, name, is_active, create_date, edit_date) VALUES(13, 'Ebony', 1, CURRENT_TIMESTAMP, CURRENT_TIMESTAMP);
INSERT INTO stabby_web_handlematerial(handle_material_id, name, is_active, create_date, edit_date) VALUES(14, 'Fat Carbon', 1, CURRENT_TIMESTAMP, CURRENT_TIMESTAMP);
INSERT INTO stabby_web_handlematerial(handle_material_id, name, is_active, create_date, edit_date) VALUES(15, 'FRN', 1, CURRENT_TIMESTAMP, CURRENT_TIMESTAMP);
INSERT INTO stabby_web_handlematerial(handle_material_id, name, is_active, create_date, edit_date) VALUES(16, 'G-10', 1, CURRENT_TIMESTAMP, CURRENT_TIMESTAMP);
INSERT INTO stabby_web_handlematerial(handle_material_id, name, is_active, create_date, edit_date) VALUES(17, 'GFN', 1, CURRENT_TIMESTAMP, CURRENT_TIMESTAMP);
INSERT INTO stabby_web_handlematerial(handle_material_id, name, is_active, create_date, edit_date) VALUES(18, 'Ironwood', 1, CURRENT_TIMESTAMP, CURRENT_TIMESTAMP);
INSERT INTO stabby_web_handlematerial(handle_material_id, name, is_active, create_date, edit_date) VALUES(19, 'Kirinite', 1, CURRENT_TIMESTAMP, CURRENT_TIMESTAMP);
INSERT INTO stabby_web_handlematerial(handle_material_id, name, is_active, create_date, edit_date) VALUES(20, 'Metal', 1, CURRENT_TIMESTAMP, CURRENT_TIMESTAMP);
INSERT INTO stabby_web_handlematerial(handle_material_id, name, is_active, create_date, edit_date) VALUES(21, 'Micarta', 1, CURRENT_TIMESTAMP, CURRENT_TIMESTAMP);
INSERT INTO stabby_web_handlematerial(handle_material_id, name, is_active, create_date, edit_date) VALUES(22, 'Mother of Pearl', 1, CURRENT_TIMESTAMP, CURRENT_TIMESTAMP);
INSERT INTO stabby_web_handlematerial(handle_material_id, name, is_active, create_date, edit_date) VALUES(23, 'Nylon', 1, CURRENT_TIMESTAMP, CURRENT_TIMESTAMP);
INSERT INTO stabby_web_handlematerial(handle_material_id, name, is_active, create_date, edit_date) VALUES(24, 'Oak', 1, CURRENT_TIMESTAMP, CURRENT_TIMESTAMP);
INSERT INTO stabby_web_handlematerial(handle_material_id, name, is_active, create_date, edit_date) VALUES(25, 'Olive Wood', 1, CURRENT_TIMESTAMP, CURRENT_TIMESTAMP);
INSERT INTO stabby_web_handlematerial(handle_material_id, name, is_active, create_date, edit_date) VALUES(26, 'Rosewood', 1, CURRENT_TIMESTAMP, CURRENT_TIMESTAMP);
INSERT INTO stabby_web_handlematerial(handle_material_id, name, is_active, create_date, edit_date) VALUES(27, 'Rubber', 1, CURRENT_TIMESTAMP, CURRENT_TIMESTAMP);
INSERT INTO stabby_web_handlematerial(handle_material_id, name, is_active, create_date, edit_date) VALUES(28, 'Shell (Metal)', 1, CURRENT_TIMESTAMP, CURRENT_TIMESTAMP);
INSERT INTO stabby_web_handlematerial(handle_material_id, name, is_active, create_date, edit_date) VALUES(29, 'Shell (Plastic over metal)', 1, CURRENT_TIMESTAMP, CURRENT_TIMESTAMP);
INSERT INTO stabby_web_handlematerial(handle_material_id, name, is_active, create_date, edit_date) VALUES(30, 'Stag', 1, CURRENT_TIMESTAMP, CURRENT_TIMESTAMP);
INSERT INTO stabby_web_handlematerial(handle_material_id, name, is_active, create_date, edit_date) VALUES(31, 'Steel', 1, CURRENT_TIMESTAMP, CURRENT_TIMESTAMP);
INSERT INTO stabby_web_handlematerial(handle_material_id, name, is_active, create_date, edit_date) VALUES(32, 'Stone', 1, CURRENT_TIMESTAMP, CURRENT_TIMESTAMP);
INSERT INTO stabby_web_handlematerial(handle_material_id, name, is_active, create_date, edit_date) VALUES(33, 'Synthetic', 1, CURRENT_TIMESTAMP, CURRENT_TIMESTAMP);
INSERT INTO stabby_web_handlematerial(handle_material_id, name, is_active, create_date, edit_date) VALUES(34, 'Titanium', 1, CURRENT_TIMESTAMP, CURRENT_TIMESTAMP);
INSERT INTO stabby_web_handlematerial(handle_material_id, name, is_active, create_date, edit_date) VALUES(35, 'Walnut', 1, CURRENT_TIMESTAMP, CURRENT_TIMESTAMP);
INSERT INTO stabby_web_handlematerial(handle_material_id, name, is_active, create_date, edit_date) VALUES(36, 'Wood', 1, CURRENT_TIMESTAMP, CURRENT_TIMESTAMP);
INSERT INTO stabby_web_handlematerial(handle_material_id, name, is_active, create_date, edit_date) VALUES(37, 'Zytel', 1, CURRENT_TIMESTAMP, CURRENT_TIMESTAMP);

-- KNIFE TYPE
INSERT INTO stabby_web_knifetype(knife_type_id, name, is_active, create_date, edit_date) VALUES(1, 'Castration Knife', 1, CURRENT_TIMESTAMP, CURRENT_TIMESTAMP);
INSERT INTO stabby_web_knifetype(knife_type_id, name, is_active, create_date, edit_date) VALUES(2, 'Congress', 1, CURRENT_TIMESTAMP, CURRENT_TIMESTAMP);
INSERT INTO stabby_web_knifetype(knife_type_id, name, is_active, create_date, edit_date) VALUES(3, 'Copperhead', 1, CURRENT_TIMESTAMP, CURRENT_TIMESTAMP);
INSERT INTO stabby_web_knifetype(knife_type_id, name, is_active, create_date, edit_date) VALUES(4, 'Copperlock', 1, CURRENT_TIMESTAMP, CURRENT_TIMESTAMP);
INSERT INTO stabby_web_knifetype(knife_type_id, name, is_active, create_date, edit_date) VALUES(5, 'Doctor''s Knife', 1, CURRENT_TIMESTAMP, CURRENT_TIMESTAMP);
INSERT INTO stabby_web_knifetype(knife_type_id, name, is_active, create_date, edit_date) VALUES(6, 'Elephant Toe', 1, CURRENT_TIMESTAMP, CURRENT_TIMESTAMP);
INSERT INTO stabby_web_knifetype(knife_type_id, name, is_active, create_date, edit_date) VALUES(7, 'Gunstock', 1, CURRENT_TIMESTAMP, CURRENT_TIMESTAMP);
INSERT INTO stabby_web_knifetype(knife_type_id, name, is_active, create_date, edit_date) VALUES(8, 'Jack', 1, CURRENT_TIMESTAMP, CURRENT_TIMESTAMP);
INSERT INTO stabby_web_knifetype(knife_type_id, name, is_active, create_date, edit_date) VALUES(9, 'Laguiole', 1, CURRENT_TIMESTAMP, CURRENT_TIMESTAMP);
INSERT INTO stabby_web_knifetype(knife_type_id, name, is_active, create_date, edit_date) VALUES(10, 'Large Stockman', 1, CURRENT_TIMESTAMP, CURRENT_TIMESTAMP);
INSERT INTO stabby_web_knifetype(knife_type_id, name, is_active, create_date, edit_date) VALUES(11, 'MIL-K-818', 1, CURRENT_TIMESTAMP, CURRENT_TIMESTAMP);
INSERT INTO stabby_web_knifetype(knife_type_id, name, is_active, create_date, edit_date) VALUES(12, 'Muskrat', 1, CURRENT_TIMESTAMP, CURRENT_TIMESTAMP);
INSERT INTO stabby_web_knifetype(knife_type_id, name, is_active, create_date, edit_date) VALUES(13, 'Neck Knife', 1, CURRENT_TIMESTAMP, CURRENT_TIMESTAMP);
INSERT INTO stabby_web_knifetype(knife_type_id, name, is_active, create_date, edit_date) VALUES(14, 'Peanut', 1, CURRENT_TIMESTAMP, CURRENT_TIMESTAMP);
INSERT INTO stabby_web_knifetype(knife_type_id, name, is_active, create_date, edit_date) VALUES(15, 'Peasant Knife', 1, CURRENT_TIMESTAMP, CURRENT_TIMESTAMP);
INSERT INTO stabby_web_knifetype(knife_type_id, name, is_active, create_date, edit_date) VALUES(16, 'Pen', 1, CURRENT_TIMESTAMP, CURRENT_TIMESTAMP);
INSERT INTO stabby_web_knifetype(knife_type_id, name, is_active, create_date, edit_date) VALUES(17, 'Razor', 1, CURRENT_TIMESTAMP, CURRENT_TIMESTAMP);
INSERT INTO stabby_web_knifetype(knife_type_id, name, is_active, create_date, edit_date) VALUES(18, 'Scout Knife', 1, CURRENT_TIMESTAMP, CURRENT_TIMESTAMP);
INSERT INTO stabby_web_knifetype(knife_type_id, name, is_active, create_date, edit_date) VALUES(19, 'Sowbelly', 1, CURRENT_TIMESTAMP, CURRENT_TIMESTAMP);
INSERT INTO stabby_web_knifetype(knife_type_id, name, is_active, create_date, edit_date) VALUES(20, 'Stockman', 1, CURRENT_TIMESTAMP, CURRENT_TIMESTAMP);
INSERT INTO stabby_web_knifetype(knife_type_id, name, is_active, create_date, edit_date) VALUES(21, 'Swayback', 1, CURRENT_TIMESTAMP, CURRENT_TIMESTAMP);
INSERT INTO stabby_web_knifetype(knife_type_id, name, is_active, create_date, edit_date) VALUES(22, 'Swiss Army Knife', 1, CURRENT_TIMESTAMP, CURRENT_TIMESTAMP);
INSERT INTO stabby_web_knifetype(knife_type_id, name, is_active, create_date, edit_date) VALUES(23, 'Toothpick', 1, CURRENT_TIMESTAMP, CURRENT_TIMESTAMP);
INSERT INTO stabby_web_knifetype(knife_type_id, name, is_active, create_date, edit_date) VALUES(24, 'Trapper', 1, CURRENT_TIMESTAMP, CURRENT_TIMESTAMP);
INSERT INTO stabby_web_knifetype(knife_type_id, name, is_active, create_date, edit_date) VALUES(25, 'Whittler', 1, CURRENT_TIMESTAMP, CURRENT_TIMESTAMP);

-- LOCK TYPE
INSERT INTO stabby_web_locktype(lock_type_id, name, is_active, create_date, edit_date) VALUES(1, 'Button Lock', 1, CURRENT_TIMESTAMP, CURRENT_TIMESTAMP);
INSERT INTO stabby_web_locktype(lock_type_id, name, is_active, create_date, edit_date) VALUES(2, 'Detent', 1, CURRENT_TIMESTAMP, CURRENT_TIMESTAMP);
INSERT INTO stabby_web_locktype(lock_type_id, name, is_active, create_date, edit_date) VALUES(3, 'Frame Lock', 1, CURRENT_TIMESTAMP, CURRENT_TIMESTAMP);
INSERT INTO stabby_web_locktype(lock_type_id, name, is_active, create_date, edit_date) VALUES(4, 'Friction', 1, CURRENT_TIMESTAMP, CURRENT_TIMESTAMP);
INSERT INTO stabby_web_locktype(lock_type_id, name, is_active, create_date, edit_date) VALUES(5, 'Liner Lock', 1, CURRENT_TIMESTAMP, CURRENT_TIMESTAMP);
INSERT INTO stabby_web_locktype(lock_type_id, name, is_active, create_date, edit_date) VALUES(6, 'Lockback', 1, CURRENT_TIMESTAMP, CURRENT_TIMESTAMP);
INSERT INTO stabby_web_locktype(lock_type_id, name, is_active, create_date, edit_date) VALUES(7, 'Locking Ring', 1, CURRENT_TIMESTAMP, CURRENT_TIMESTAMP);
INSERT INTO stabby_web_locktype(lock_type_id, name, is_active, create_date, edit_date) VALUES(8, 'Ratchet Lock', 1, CURRENT_TIMESTAMP, CURRENT_TIMESTAMP);
INSERT INTO stabby_web_locktype(lock_type_id, name, is_active, create_date, edit_date) VALUES(9, 'Slip Joint', 1, CURRENT_TIMESTAMP, CURRENT_TIMESTAMP);

-- LUBRICANT
INSERT INTO stabby_web_lubricant(lubricant_id, name, is_active, create_date, edit_date) VALUES(1, 'None', 1, CURRENT_TIMESTAMP, CURRENT_TIMESTAMP);
INSERT INTO stabby_web_lubricant(lubricant_id, name, is_active, create_date, edit_date) VALUES(2, 'Oil', 1, CURRENT_TIMESTAMP, CURRENT_TIMESTAMP);
INSERT INTO stabby_web_lubricant(lubricant_id, name, is_active, create_date, edit_date) VALUES(3, 'Water', 1, CURRENT_TIMESTAMP, CURRENT_TIMESTAMP);

-- STEEL TYPE
INSERT INTO stabby_web_steeltype(steel_type_id, name, is_active, create_date, edit_date) VALUES(1, 'Stainless', 1, CURRENT_TIMESTAMP, CURRENT_TIMESTAMP);
INSERT INTO stabby_web_steeltype(steel_type_id, name, is_active, create_date, edit_date) VALUES(2, 'Carbon', 1, CURRENT_TIMESTAMP, CURRENT_TIMESTAMP);


-- UOM
INSERT INTO stabby_web_unitofmeasure(uom_id, name, is_active, create_date, edit_date)VALUES(1, 'in', 1, CURRENT_TIMESTAMP, CURRENT_TIMESTAMP);
INSERT INTO stabby_web_unitofmeasure(uom_id, name, is_active, create_date, edit_date)VALUES(2, 'cm', 1, CURRENT_TIMESTAMP, CURRENT_TIMESTAMP);

-- VENDOR
INSERT INTO stabby_web_vendor(vendor_id, name, is_active, create_date, edit_date) VALUES(1, 'Baryonyx Knife Company', 1, CURRENT_TIMESTAMP, CURRENT_TIMESTAMP);
INSERT INTO stabby_web_vendor(vendor_id, name, is_active, create_date, edit_date) VALUES(2, 'BladeHQ', 1, CURRENT_TIMESTAMP, CURRENT_TIMESTAMP);
INSERT INTO stabby_web_vendor(vendor_id, name, is_active, create_date, edit_date) VALUES(3, 'C. Risner Cutlery', 1, CURRENT_TIMESTAMP, CURRENT_TIMESTAMP);
INSERT INTO stabby_web_vendor(vendor_id, name, is_active, create_date, edit_date) VALUES(4, 'Chicago Knife Works', 1, CURRENT_TIMESTAMP, CURRENT_TIMESTAMP);
INSERT INTO stabby_web_vendor(vendor_id, name, is_active, create_date, edit_date) VALUES(5, 'Collector Knives', 1, CURRENT_TIMESTAMP, CURRENT_TIMESTAMP);
INSERT INTO stabby_web_vendor(vendor_id, name, is_active, create_date, edit_date) VALUES(6, 'Deadwood Knives', 1, CURRENT_TIMESTAMP, CURRENT_TIMESTAMP);
INSERT INTO stabby_web_vendor(vendor_id, name, is_active, create_date, edit_date) VALUES(7, 'Direct From Manufacturer', 1, CURRENT_TIMESTAMP, CURRENT_TIMESTAMP);
INSERT INTO stabby_web_vendor(vendor_id, name, is_active, create_date, edit_date) VALUES(8, 'DLT', 1, CURRENT_TIMESTAMP, CURRENT_TIMESTAMP);
INSERT INTO stabby_web_vendor(vendor_id, name, is_active, create_date, edit_date) VALUES(9, 'Ebay', 1, CURRENT_TIMESTAMP, CURRENT_TIMESTAMP);
INSERT INTO stabby_web_vendor(vendor_id, name, is_active, create_date, edit_date) VALUES(10, 'Knifecenter', 1, CURRENT_TIMESTAMP, CURRENT_TIMESTAMP);
INSERT INTO stabby_web_vendor(vendor_id, name, is_active, create_date, edit_date) VALUES(11, 'Knives Plus', 1, CURRENT_TIMESTAMP, CURRENT_TIMESTAMP);
INSERT INTO stabby_web_vendor(vendor_id, name, is_active, create_date, edit_date) VALUES(12, 'Red Hill Cutlery', 1, CURRENT_TIMESTAMP, CURRENT_TIMESTAMP);
INSERT INTO stabby_web_vendor(vendor_id, name, is_active, create_date, edit_date) VALUES(13, 'Shadow Hills Cutlery', 1, CURRENT_TIMESTAMP, CURRENT_TIMESTAMP);
INSERT INTO stabby_web_vendor(vendor_id, name, is_active, create_date, edit_date) VALUES(14, 'Smokey Mountain Knife Works', 1, CURRENT_TIMESTAMP, CURRENT_TIMESTAMP);
INSERT INTO stabby_web_vendor(vendor_id, name, is_active, create_date, edit_date) VALUES(15, 'Swiss Army Flagship - London', 1, CURRENT_TIMESTAMP, CURRENT_TIMESTAMP);
INSERT INTO stabby_web_vendor(vendor_id, name, is_active, create_date, edit_date) VALUES(16, 'Swiss Knife Shop', 1, CURRENT_TIMESTAMP, CURRENT_TIMESTAMP);

-- BRAND
INSERT INTO stabby_web_brand(brand_id, name) VALUES(1, 'Antonini Knives');
INSERT INTO stabby_web_brand(brand_id, name) VALUES(2, 'Camillus (U.S.A.)');
INSERT INTO stabby_web_brand(brand_id, name) VALUES(3, 'Imperial (U.S.A.)');
INSERT INTO stabby_web_brand(brand_id, name) VALUES(4, 'M.C. Cognet');
INSERT INTO stabby_web_brand(brand_id, name) VALUES(5, 'Otter');
INSERT INTO stabby_web_brand(brand_id, name) VALUES(6, 'Richartz');
INSERT INTO stabby_web_brand(brand_id, name) VALUES(7, 'Smokey Mountain Knife Works');
INSERT INTO stabby_web_brand(brand_id, name) VALUES(8, 'Schrade');
INSERT INTO stabby_web_brand(brand_id, name) VALUES(9, 'United Cutlery');
INSERT INTO stabby_web_brand(brand_id, name) VALUES(10, 'Utica');
INSERT INTO stabby_web_brand(brand_id, name) VALUES(11, 'Zippo');
INSERT INTO stabby_web_brand(brand_id, name) VALUES(12, 'A.G. Russell');
INSERT INTO stabby_web_brand(brand_id, name) VALUES(13, 'Advanced Knife Bro');
INSERT INTO stabby_web_brand(brand_id, name) VALUES(14, 'Baryonyx Knife Co.');
INSERT INTO stabby_web_brand(brand_id, name) VALUES(15, 'Beretta');
INSERT INTO stabby_web_brand(brand_id, name) VALUES(16, 'Buck');
INSERT INTO stabby_web_brand(brand_id, name, parent_brand_id) VALUES(17, 'Case', 11);
INSERT INTO stabby_web_brand(brand_id, name) VALUES(18, 'Cold Steel');
INSERT INTO stabby_web_brand(brand_id, name) VALUES(19, 'Colonial');
INSERT INTO stabby_web_brand(brand_id, name) VALUES(20,'Columbia River Knife & Tool');
INSERT INTO stabby_web_brand(brand_id, name) VALUES(21, 'DMT');
INSERT INTO stabby_web_brand(brand_id, name, parent_brand_id) VALUES(22, 'Douk Douk', 4);
INSERT INTO stabby_web_brand(brand_id, name) VALUES(23, 'Eurstache');
INSERT INTO stabby_web_brand(brand_id, name) VALUES(24, 'Fox');
INSERT INTO stabby_web_brand(brand_id, name) VALUES(25, 'Frost');
INSERT INTO stabby_web_brand(brand_id, name) VALUES(26, 'G.David');
INSERT INTO stabby_web_brand(brand_id, name) VALUES(27, 'Great Eastern Cutlery');
INSERT INTO stabby_web_brand(brand_id, name, parent_brand_id) VALUES(28, 'Hammer Brand', 3);
INSERT INTO stabby_web_brand(brand_id, name, parent_brand_id) VALUES(29, 'Hibben Knives', 9);
INSERT INTO stabby_web_brand(brand_id, name) VALUES(30, 'Higonokami');
INSERT INTO stabby_web_brand(brand_id, name, parent_brand_id) VALUES(31, 'Imperial', 8);
INSERT INTO stabby_web_brand(brand_id, name) VALUES(32, 'IXL');
INSERT INTO stabby_web_brand(brand_id, name) VALUES(33, 'KA-BAR');
INSERT INTO stabby_web_brand(brand_id, name) VALUES(34, 'Kershaw');
INSERT INTO stabby_web_brand(brand_id, name, parent_brand_id) VALUES(35, 'Kingston', 3);
INSERT INTO stabby_web_brand(brand_id, name) VALUES(36, 'Knives Plus');
INSERT INTO stabby_web_brand(brand_id, name, parent_brand_id) VALUES(37, 'Kutmaster', 10);
INSERT INTO stabby_web_brand(brand_id, name) VALUES(38, 'lionSTEEL');
INSERT INTO stabby_web_brand(brand_id, name) VALUES(39, 'MAM');
INSERT INTO stabby_web_brand(brand_id, name) VALUES(40, 'Marble''s');
INSERT INTO stabby_web_brand(brand_id, name, parent_brand_id) VALUES(41, 'Mercator', 4);
INSERT INTO stabby_web_brand(brand_id, name) VALUES(42, 'Mikov');
INSERT INTO stabby_web_brand(brand_id, name) VALUES(43, 'Novelty Cutlery');
INSERT INTO stabby_web_brand(brand_id, name) VALUES(44, 'Okapi');
INSERT INTO stabby_web_brand(brand_id, name, parent_brand_id) VALUES(45, 'Old Bear', 1);
INSERT INTO stabby_web_brand(brand_id, name, parent_brand_id) VALUES(46, 'Old Timer',8) ;
INSERT INTO stabby_web_brand(brand_id, name) VALUES(47, 'Ontario Knife Company');
INSERT INTO stabby_web_brand(brand_id, name) VALUES(48, 'Opinel');
INSERT INTO stabby_web_brand(brand_id, name) VALUES(49, 'Parker Cut Co.');
INSERT INTO stabby_web_brand(brand_id, name, parent_brand_id) VALUES(50, 'Pierre Cardin', 5);
INSERT INTO stabby_web_brand(brand_id, name, parent_brand_id) VALUES(51, 'Queen', 7);
INSERT INTO stabby_web_brand(brand_id, name) VALUES(52, 'Queen (U.S.A.)');
INSERT INTO stabby_web_brand(brand_id, name, parent_brand_id) VALUES(53, 'Queen City', 7);
INSERT INTO stabby_web_brand(brand_id, name) VALUES(54, 'Richards');
INSERT INTO stabby_web_brand(brand_id, name) VALUES(55, 'Rosecraft');
INSERT INTO stabby_web_brand(brand_id, name, parent_brand_id) VALUES(56, 'Rough Ryder', 7);
INSERT INTO stabby_web_brand(brand_id, name, parent_brand_id) VALUES(57, 'Schrade (U.S.A.)', 2);
INSERT INTO stabby_web_brand(brand_id, name) VALUES(58, 'Sharpening Supplies');
INSERT INTO stabby_web_brand(brand_id, name) VALUES(59, 'SOG');
INSERT INTO stabby_web_brand(brand_id, name) VALUES(60, 'Spyderco');
INSERT INTO stabby_web_brand(brand_id, name) VALUES(61, 'Stephenson');
INSERT INTO stabby_web_brand(brand_id, name) VALUES(62, 'Svord');
INSERT INTO stabby_web_brand(brand_id, name) VALUES(63, 'Swiza');
INSERT INTO stabby_web_brand(brand_id, name) VALUES(64, 'Syracuse Knife Company');
INSERT INTO stabby_web_brand(brand_id, name, parent_brand_id) VALUES(65, 'Ulster', 3);
INSERT INTO stabby_web_brand(brand_id, name) VALUES(66, 'Ultratech');
INSERT INTO stabby_web_brand(brand_id, name, parent_brand_id) VALUES(66, 'Uncle Henry', 8);
INSERT INTO stabby_web_brand(brand_id, name) VALUES(68, 'Unknown');
INSERT INTO stabby_web_brand(brand_id, name) VALUES(69, 'Victorinox');
INSERT INTO stabby_web_brand(brand_id, name) VALUES(70, 'Viper');
INSERT INTO stabby_web_brand(brand_id, name) VALUES(71, 'Watchmen Brother');
INSERT INTO stabby_web_brand(brand_id, name) VALUES(72, 'Wenger');
INSERT INTO stabby_web_brand(brand_id, name, parent_brand_id) VALUES(73, 'Western (U.S.A)', 2);

-- STEEL MANUFACTURER
INSERT INTO stabby_web_steelmanufacturer(steel_manufacturer_id, name, country_id) VALUES(1, 'Bohler', 1);
INSERT INTO stabby_web_steelmanufacturer(steel_manufacturer_id, name, country_id) VALUES(2, 'Carpenter', 16);
INSERT INTO stabby_web_steelmanufacturer(steel_manufacturer_id, name, country_id) VALUES(3, 'Crucible', 16);
INSERT INTO stabby_web_steelmanufacturer(steel_manufacturer_id, name, country_id) VALUES(4, 'Hitachi', 9);
INSERT INTO stabby_web_steelmanufacturer(steel_manufacturer_id, name, country_id) VALUES(5, 'Sandvik', 13);
INSERT INTO stabby_web_steelmanufacturer(steel_manufacturer_id, name, country_id) VALUES(6, 'Uddeholm', 13);

-- BLADE MATERIAL
INSERT INTO stabby_web_bladematerial(blade_material_id, steel_type_id, steel_manufacturer_id, name) VALUES(1, 2, null, '1065');
INSERT INTO stabby_web_bladematerial(blade_material_id, steel_type_id, steel_manufacturer_id, name) VALUES(2, 2, null, '1075');
INSERT INTO stabby_web_bladematerial(blade_material_id, steel_type_id, steel_manufacturer_id, name) VALUES(3, 2, null, '1085');
INSERT INTO stabby_web_bladematerial(blade_material_id, steel_type_id, steel_manufacturer_id, name) VALUES(4, 2, null, '1095');
INSERT INTO stabby_web_bladematerial(blade_material_id, steel_type_id, steel_manufacturer_id, name) VALUES(5, 2, null, '1095 Cro Van');
INSERT INTO stabby_web_bladematerial(blade_material_id, steel_type_id, steel_manufacturer_id, name) VALUES(6, 1, 4, '12C27');
INSERT INTO stabby_web_bladematerial(blade_material_id, steel_type_id, steel_manufacturer_id, name) VALUES(7, 1, 4, '14C28N');
INSERT INTO stabby_web_bladematerial(blade_material_id, steel_type_id, steel_manufacturer_id, name) VALUES(8, 1, 3, '154CM');
INSERT INTO stabby_web_bladematerial(blade_material_id, steel_type_id, steel_manufacturer_id, name) VALUES(9, 1, null, '3Cr13MoV');
INSERT INTO stabby_web_bladematerial(blade_material_id, steel_type_id, steel_manufacturer_id, name) VALUES(10, 1, null, '420');
INSERT INTO stabby_web_bladematerial(blade_material_id, steel_type_id, steel_manufacturer_id, name) VALUES(11, 1, null, '420HC');
INSERT INTO stabby_web_bladematerial(blade_material_id, steel_type_id, steel_manufacturer_id, name) VALUES(12, 1, null, '425M');
INSERT INTO stabby_web_bladematerial(blade_material_id, steel_type_id, steel_manufacturer_id, name) VALUES(13, 1, null, '440A');
INSERT INTO stabby_web_bladematerial(blade_material_id, steel_type_id, steel_manufacturer_id, name) VALUES(14, 1, null, '440B');
INSERT INTO stabby_web_bladematerial(blade_material_id, steel_type_id, steel_manufacturer_id, name) VALUES(15, 1, null, '440C');
INSERT INTO stabby_web_bladematerial(blade_material_id, steel_type_id, steel_manufacturer_id, name) VALUES(16, 1, null, '5Cr15MoV');
INSERT INTO stabby_web_bladematerial(blade_material_id, steel_type_id, steel_manufacturer_id, name) VALUES(17, 1, null, '7Cr17MoV');
INSERT INTO stabby_web_bladematerial(blade_material_id, steel_type_id, steel_manufacturer_id, name) VALUES(18, 1, null, '8Cr13MoV');
INSERT INTO stabby_web_bladematerial(blade_material_id, steel_type_id, steel_manufacturer_id, name) VALUES(19, 1, null, '9Cr18MoV');
INSERT INTO stabby_web_bladematerial(blade_material_id, steel_type_id, steel_manufacturer_id, name) VALUES(20, 1, 5, 'AEB-L');
INSERT INTO stabby_web_bladematerial(blade_material_id, steel_type_id, steel_manufacturer_id, name) VALUES(21, 1, null, 'AUS-10');
INSERT INTO stabby_web_bladematerial(blade_material_id, steel_type_id, steel_manufacturer_id, name) VALUES(22, 1, null, 'AUS-6');
INSERT INTO stabby_web_bladematerial(blade_material_id, steel_type_id, steel_manufacturer_id, name) VALUES(23, 1, null, 'AUS-8');
INSERT INTO stabby_web_bladematerial(blade_material_id, steel_type_id, steel_manufacturer_id, name) VALUES(24, 2, 4, 'Blue Paper Steel (Blue Super)');
INSERT INTO stabby_web_bladematerial(blade_material_id, steel_type_id, steel_manufacturer_id, name) VALUES(25, 2, null, 'C67');
INSERT INTO stabby_web_bladematerial(blade_material_id, steel_type_id, steel_manufacturer_id, name) VALUES(26, 2, null, 'Case Chrome Vanadium');
INSERT INTO stabby_web_bladematerial(blade_material_id, steel_type_id, steel_manufacturer_id, name) VALUES(27, 1, null, 'Case Tru Sharp Surgical Steel');
INSERT INTO stabby_web_bladematerial(blade_material_id, steel_type_id, steel_manufacturer_id, name) VALUES(28, null, null, 'Ceramic');
INSERT INTO stabby_web_bladematerial(blade_material_id, steel_type_id, steel_manufacturer_id, name) VALUES(29, 1, null, 'CPM MagnaCut');
INSERT INTO stabby_web_bladematerial(blade_material_id, steel_type_id, steel_manufacturer_id, name) VALUES(30, 2, 3, 'CPM-3V');
INSERT INTO stabby_web_bladematerial(blade_material_id, steel_type_id, steel_manufacturer_id, name) VALUES(31, 2, 3, 'CPM-M4');
INSERT INTO stabby_web_bladematerial(blade_material_id, steel_type_id, steel_manufacturer_id, name) VALUES(32, 1, 3, 'CPM-S30V');
INSERT INTO stabby_web_bladematerial(blade_material_id, steel_type_id, steel_manufacturer_id, name) VALUES(33, 1, 3, 'CPM-S35VN');
INSERT INTO stabby_web_bladematerial(blade_material_id, steel_type_id, steel_manufacturer_id, name) VALUES(34, 2, 3, 'CruWear');
INSERT INTO stabby_web_bladematerial(blade_material_id, steel_type_id, steel_manufacturer_id, name) VALUES(35, 1, 2, 'CTS-BD1N');
INSERT INTO stabby_web_bladematerial(blade_material_id, steel_type_id, steel_manufacturer_id, name) VALUES(36, 1, 2, 'CTS-XHP');
INSERT INTO stabby_web_bladematerial(blade_material_id, steel_type_id, steel_manufacturer_id, name) VALUES(37, 2, null, 'D2');
INSERT INTO stabby_web_bladematerial(blade_material_id, steel_type_id, steel_manufacturer_id, name) VALUES(38, 1, 5, 'Elmax');
INSERT INTO stabby_web_bladematerial(blade_material_id, steel_type_id, steel_manufacturer_id, name) VALUES(39, 2, 1, 'K390');
INSERT INTO stabby_web_bladematerial(blade_material_id, steel_type_id, steel_manufacturer_id, name) VALUES(40, 1, 1, 'M390');
INSERT INTO stabby_web_bladematerial(blade_material_id, steel_type_id, steel_manufacturer_id, name) VALUES(41, 2, 2, 'Maxamet');
INSERT INTO stabby_web_bladematerial(blade_material_id, steel_type_id, steel_manufacturer_id, name) VALUES(42, 1, 1, 'N690');
INSERT INTO stabby_web_bladematerial(blade_material_id, steel_type_id, steel_manufacturer_id, name) VALUES(43, 2, null, 'T10');
INSERT INTO stabby_web_bladematerial(blade_material_id, steel_type_id, steel_manufacturer_id, name) VALUES(44, 2, null, 'Unknown Carbon Steel');
INSERT INTO stabby_web_bladematerial(blade_material_id, steel_type_id, steel_manufacturer_id, name) VALUES(45, 1, null, 'Unknown Stainless Steel');
INSERT INTO stabby_web_bladematerial(blade_material_id, steel_type_id, steel_manufacturer_id, name) VALUES(46, 1, null, 'VG-10');
INSERT INTO stabby_web_bladematerial(blade_material_id, steel_type_id, steel_manufacturer_id, name) VALUES(47, 2, 4, 'White Paper Steel (White #1)');
INSERT INTO stabby_web_bladematerial(blade_material_id, steel_type_id, steel_manufacturer_id, name) VALUES(48, 2, null, 'XC75');
INSERT INTO stabby_web_bladematerial(blade_material_id, steel_type_id, steel_manufacturer_id, name) VALUES(49, 2, null, 'XC90');